{
  "version": 1,
  "author": "Juan Vicens",
  "editor": "wokwi",
  "parts": [
    { "type": "wokwi-esp32-devkit-v1", "id": "esp", "top": -11.23, "left": -2.93, "attrs": {} },
    {
      "type": "wokwi-dht22",
      "id": "dht1",
      "top": -15.53,
      "left": 145.5,
      "attrs": { "temperature": "19.8", "humidity": "63" }
    },
    { "type": "wokwi-potentiometer", "id": "pot1", "top": -47.46, "left": -107.36, "attrs": {} }
  ],
  "connections": [
    [ "esp:TX0", "$serialMonitor:RX", "", [] ],
    [ "esp:RX0", "$serialMonitor:TX", "", [] ],
    [ "dht1:SDA", "esp:D15", "green", [ "v0" ] ],
    [ "dht1:VCC", "esp:3V3", "red", [ "v0" ] ],
    [ "dht1:GND", "esp:GND.1", "black", [ "v0" ] ],
    [ "pot1:GND", "esp:GND.2", "black", [ "v0" ] ],
    [ "pot1:VCC", "esp:3V3", "red", [ "v0" ] ],
    [ "pot1:SIG", "esp:D32", "green", [ "v0" ] ]
  ],
  "dependencies": {}
}
